Im1,Im2,Im3,Im4
LR20,LR80,UD20,UD80
LR20,LR80,UD80,UD20
LR20,UD20,LR80,UD80
LR20,UD20,UD80,LR80
LR20,UD80,LR80,UD20
LR20,UD80,UD20,LR80
LR80,LR20,UD20,UD80
LR80,LR20,UD80,UD20
LR80,UD20,LR20,UD80
LR80,UD20,UD80,LR20
LR80,UD80,LR20,UD20
LR80,UD80,UD20,LR20
UD20,LR20,LR80,UD80
UD20,LR20,UD80,LR80
UD20,LR80,LR20,UD80
UD20,LR80,UD80,LR20
UD20,UD80,LR20,LR80
UD20,UD80,LR80,LR20
UD80,LR20,LR80,UD20
UD80,LR20,UD20,LR80
UD80,LR80,LR20,UD20
UD80,LR80,UD20,LR20
UD80,UD20,LR20,LR80
UD80,UD20,LR80,LR20
