trials.thisTrialN,trials.stepSize,trials.intensity,corrAns,direction,trials.response,resp.rt,date,frameRate,expName,session,participant,
0,0.4,0.5,up,90,0,6.75304412842,2018_Jan_21_2217,59.7807059427,customRDK,001,,
1,0.2,1,up,90,1,1.07202196121,2018_Jan_21_2217,59.7807059427,customRDK,001,,
2,0.2,0.63095734448,down,-90,1,0.720286130905,2018_Jan_21_2217,59.7807059427,customRDK,001,,
3,0.2,0.63095734448,up,90,1,0.454607009888,2018_Jan_21_2217,59.7807059427,customRDK,001,,
4,0.2,0.63095734448,down,-90,1,0.319868803024,2018_Jan_21_2217,59.7807059427,customRDK,001,,
5,0.2,0.398107170553,down,-90,0,0.451701164246,2018_Jan_21_2217,59.7807059427,customRDK,001,,
